{
  "name": "alphaco-pos",
  "version": "1.0.0",
  "description": "ALPHA&CO POS System - Point of Sale Application",
  "author": {
    "name": "ALPHA&CO",
    "email": "support@alpha-co.be"
  },
  "main": "electron/main.js",
  "homepage": "./",
  "private": true,
  "dependencies": {
    "@hookform/resolvers": "^5.0.1",
    "@radix-ui/react-accordion": "^1.2.8",
    "@radix-ui/react-alert-dialog": "^1.1.11",
    "@radix-ui/react-aspect-ratio": "^1.1.4",
    "@radix-ui/react-avatar": "^1.1.7",
    "@radix-ui/react-checkbox": "^1.2.3",
    "@radix-ui/react-collapsible": "^1.1.8",
    "@radix-ui/react-context-menu": "^2.2.12",
    "@radix-ui/react-dialog": "^1.1.11",
    "@radix-ui/react-dropdown-menu": "^2.1.12",
    "@radix-ui/react-hover-card": "^1.1.11",
    "@radix-ui/react-label": "^2.1.4",
    "@radix-ui/react-menubar": "^1.1.12",
    "@radix-ui/react-navigation-menu": "^1.2.10",
    "@radix-ui/react-popover": "^1.1.11",
    "@radix-ui/react-progress": "^1.1.4",
    "@radix-ui/react-radio-group": "^1.3.4",
    "@radix-ui/react-scroll-area": "^1.2.6",
    "@radix-ui/react-select": "^2.2.2",
    "@radix-ui/react-separator": "^1.1.4",
    "@radix-ui/react-slider": "^1.3.2",
    "@radix-ui/react-slot": "^1.2.0",
    "@radix-ui/react-switch": "^1.2.2",
    "@radix-ui/react-tabs": "^1.1.9",
    "@radix-ui/react-toast": "^1.2.11",
    "@radix-ui/react-toggle": "^1.1.6",
    "@radix-ui/react-toggle-group": "^1.1.7",
    "@radix-ui/react-tooltip": "^1.2.4",
    "axios": "^1.8.4",
    "class-variance-authority": "^0.7.1",
    "clsx": "^2.1.1",
    "cmdk": "^1.1.1",
    "cra-template": "1.2.0",
    "date-fns": "^3.6.0",
    "embla-carousel-react": "^8.6.0",
    "input-otp": "^1.4.2",
    "jspdf": "^4.0.0",
    "jspdf-autotable": "^5.0.7",
    "lucide-react": "^0.507.0",
    "next-themes": "^0.4.6",
    "react": "^19.0.0",
    "react-day-picker": "8.10.1",
    "react-dom": "^19.0.0",
    "react-hook-form": "^7.56.2",
    "react-resizable-panels": "^3.0.1",
    "react-router-dom": "^7.5.1",
    "react-scripts": "5.0.1",
    "recharts": "^3.6.0",
    "sonner": "^2.0.3",
    "tailwind-merge": "^3.2.0",
    "tailwindcss-animate": "^1.0.7",
    "vaul": "^1.1.2",
    "zod": "^3.24.4"
  },
  "scripts": {
    "start": "craco start",
    "build": "craco build",
    "test": "craco test",
    "electron:dev": "concurrently \"yarn start\" \"wait-on http://localhost:3000 && electron .\"",
    "electron:build": "yarn build && electron-builder",
    "electron:build:win": "yarn build && electron-builder --win",
    "electron:build:mac": "yarn build && electron-builder --mac",
    "electron:build:linux": "yarn build && electron-builder --linux",
    "electron:build:all": "yarn build && electron-builder --win --mac --linux"
  },
  "build": {
    "appId": "be.alpha-co.pos",
    "productName": "ALPHA&CO POS",
    "copyright": "Copyright © 2024 ALPHA&CO",
    "directories": {
      "buildResources": "assets",
      "output": "dist"
    },
    "files": [
      "build/**/*",
      "electron/**/*",
      "node_modules/**/*"
    ],
    "win": {
      "target": [
        {
          "target": "nsis",
          "arch": ["x64", "ia32"]
        },
        {
          "target": "portable",
          "arch": ["x64"]
        }
      ],
      "icon": "public/icon.ico",
      "publisherName": "ALPHA&CO"
    },
    "mac": {
      "target": [
        {
          "target": "dmg",
          "arch": ["x64", "arm64"]
        }
      ],
      "icon": "public/icon.icns",
      "category": "public.app-category.business"
    },
    "linux": {
      "target": ["AppImage", "deb"],
      "icon": "public/icon.png",
      "category": "Office"
    },
    "nsis": {
      "oneClick": false,
      "allowToChangeInstallationDirectory": true,
      "createDesktopShortcut": true,
      "createStartMenuShortcut": true,
      "shortcutName": "ALPHA&CO POS"
    },
    "dmg": {
      "title": "ALPHA&CO POS Installer",
      "contents": [
        {
          "x": 130,
          "y": 220
        },
        {
          "x": 410,
          "y": 220,
          "type": "link",
          "path": "/Applications"
        }
      ]
    }
  },
  "browserslist": {
    "production": [
      ">0.2%",
      "not dead",
      "not op_mini all"
    ],
    "development": [
      "last 1 chrome version",
      "last 1 firefox version",
      "last 1 safari version"
    ]
  },
  "devDependencies": {
    "@babel/plugin-proposal-private-property-in-object": "^7.21.11",
    "@craco/craco": "^7.1.0",
    "@eslint/js": "9.23.0",
    "autoprefixer": "^10.4.20",
    "concurrently": "^8.2.2",
    "electron": "^28.1.0",
    "electron-builder": "^24.9.1",
    "electron-is-dev": "^3.0.1",
    "eslint": "9.23.0",
    "eslint-plugin-import": "2.31.0",
    "eslint-plugin-jsx-a11y": "6.10.2",
    "eslint-plugin-react": "7.37.4",
    "eslint-plugin-react-hooks": "5.2.0",
    "globals": "15.15.0",
    "postcss": "^8.4.49",
    "tailwindcss": "^3.4.17",
    "wait-on": "^7.2.0"
  },
  "packageManager": "yarn@1.22.22+sha512.a6b2f7906b721bba3d67d4aff083df04dad64c399707841b7acf00f6b133b7ac24255f2652fa22ae3534329dc6180534e98d17432037ff6fd140556e2bb3137e"
}
